{"cameraMode":{"drawMode":0,"name":"Shaded","section":"Shading Mode"},"sceneLighting":true,"audioPlay":false,"sceneViewState":{"m_AlwaysRefresh":false,"showFog":true,"showSkybox":false,"showFlares":true,"showImageEffects":true,"showParticleSystems":true,"showVisualEffectGraphs":true,"m_FxEnabled":true},"in2DMode":false,"pivot":{"x":1.3411728143692017,"y":1.4408496618270875,"z":0.02850663661956787},"rotation":{"x":0.22052495181560517,"y":0.5995324850082398,"z":-0.17655397951602937,"w":0.7488400936126709},"size":3.0981109142303469,"orthographic":false}