{"cameraMode":{"drawMode":0,"name":"Shaded","section":"Shading Mode"},"sceneLighting":false,"audioPlay":false,"sceneViewState":{"m_AlwaysRefresh":false,"showFog":true,"showSkybox":false,"showFlares":true,"showImageEffects":true,"showParticleSystems":true,"showVisualEffectGraphs":true,"m_FxEnabled":true},"in2DMode":false,"pivot":{"x":-0.1130843386054039,"y":0.009899795055389405,"z":-0.7490592002868652},"rotation":{"x":0.15711334347724915,"y":0.0236968956887722,"z":-0.0037673767656087877,"w":0.9872997999191284},"size":0.905155599117279,"orthographic":false}