{"cameraMode":{"drawMode":0,"name":"Shaded","section":"Shading Mode"},"sceneLighting":true,"audioPlay":false,"sceneViewState":{"m_AlwaysRefresh":false,"showFog":true,"showSkybox":true,"showFlares":true,"showImageEffects":true,"showParticleSystems":true,"showVisualEffectGraphs":true,"m_FxEnabled":true},"in2DMode":false,"pivot":{"x":1.4364129304885865,"y":3.0838074684143068,"z":-3.573845386505127},"rotation":{"x":-0.3609743118286133,"y":0.0033519722055643799,"z":-0.001301994314417243,"w":-0.9325815439224243},"size":6.9976983070373539,"orthographic":false}