{"cameraMode":{"drawMode":0,"name":"Shaded","section":"Shading Mode"},"sceneLighting":false,"audioPlay":false,"sceneViewState":{"m_AlwaysRefresh":false,"showFog":true,"showSkybox":false,"showFlares":true,"showImageEffects":true,"showParticleSystems":true,"showVisualEffectGraphs":true,"m_FxEnabled":true},"in2DMode":false,"pivot":{"x":4.592165470123291,"y":0.3719106912612915,"z":-2.5150647163391115},"rotation":{"x":0.21133717894554139,"y":0.057138945907354358,"z":-0.012374809943139553,"w":0.9756719470024109},"size":1.1905053853988648,"orthographic":false}