{"cameraMode":{"drawMode":0,"name":"Shaded","section":"Shading Mode"},"sceneLighting":false,"audioPlay":false,"sceneViewState":{"m_AlwaysRefresh":false,"showFog":true,"showSkybox":false,"showFlares":true,"showImageEffects":true,"showParticleSystems":true,"showVisualEffectGraphs":true,"m_FxEnabled":true},"in2DMode":false,"pivot":{"x":-10.800000190734864,"y":0.6399999856948853,"z":-5.670000076293945},"rotation":{"x":0.33284056186676028,"y":-0.0000027429491638031324,"z":0.0000028156719054095449,"w":0.9429921507835388},"size":0.6491148471832275,"orthographic":false}