{"cameraMode":{"drawMode":0,"name":"Shaded","section":"Shading Mode"},"sceneLighting":true,"audioPlay":false,"sceneViewState":{"m_AlwaysRefresh":false,"showFog":true,"showSkybox":true,"showFlares":true,"showImageEffects":true,"showParticleSystems":true,"showVisualEffectGraphs":true,"m_FxEnabled":true},"in2DMode":false,"pivot":{"x":1.8228963613510132,"y":1.5565847158432007,"z":-4.957403659820557},"rotation":{"x":-0.015309390611946583,"y":-0.006901586428284645,"z":0.00010537417256273329,"w":-0.9998644590377808},"size":2.5124714374542238,"orthographic":false}