{"cameraMode":{"drawMode":0,"name":"Shaded","section":"Shading Mode"},"sceneLighting":true,"audioPlay":false,"sceneViewState":{"m_AlwaysRefresh":false,"showFog":true,"showSkybox":true,"showFlares":true,"showImageEffects":true,"showParticleSystems":true,"showVisualEffectGraphs":true,"m_FxEnabled":true},"in2DMode":false,"pivot":{"x":-2.685058355331421,"y":-77.79240417480469,"z":22.719085693359376},"rotation":{"x":-0.596644937992096,"y":-0.0007240751874633133,"z":0.0005388549179770052,"w":-0.8025132417678833},"size":53.5091667175293,"orthographic":false}