{"cameraMode":{"drawMode":0,"name":"Shaded","section":"Shading Mode"},"sceneLighting":true,"audioPlay":false,"sceneViewState":{"m_AlwaysRefresh":false,"showFog":true,"showSkybox":true,"showFlares":true,"showImageEffects":true,"showParticleSystems":true,"showVisualEffectGraphs":true,"m_FxEnabled":true},"in2DMode":false,"pivot":{"x":11.069999694824219,"y":0.8799999952316284,"z":-6.839629650115967},"rotation":{"x":-0.13185447454452516,"y":-0.7082603573799133,"z":0.6797928810119629,"w":-0.13738366961479188},"size":1.8227981328964234,"orthographic":false}