{"cameraMode":{"drawMode":0,"name":"Shaded","section":"Shading Mode"},"sceneLighting":true,"audioPlay":false,"sceneViewState":{"m_AlwaysRefresh":false,"showFog":true,"showSkybox":true,"showFlares":true,"showImageEffects":true,"showParticleSystems":true,"showVisualEffectGraphs":true,"m_FxEnabled":true},"in2DMode":false,"pivot":{"x":-0.5703021287918091,"y":-3.496410369873047,"z":0.2644815444946289},"rotation":{"x":-0.4805745780467987,"y":-0.002107224427163601,"z":0.0011536998208612204,"w":-0.8769581317901611},"size":9.641610145568848,"orthographic":false}