{"cameraMode":{"drawMode":0,"name":"Shaded","section":"Shading Mode"},"sceneLighting":true,"audioPlay":false,"sceneViewState":{"m_AlwaysRefresh":false,"showFog":true,"showSkybox":true,"showFlares":true,"showImageEffects":true,"showParticleSystems":true,"showVisualEffectGraphs":true,"m_FxEnabled":true},"in2DMode":false,"pivot":{"x":10.980147361755371,"y":0.40666663646698,"z":-2.3097732067108156},"rotation":{"x":0.5363144874572754,"y":0.35602855682373049,"z":-0.26612716913223269,"w":0.7174881100654602},"size":1.6992735862731934,"orthographic":false}