{"cameraMode":{"drawMode":0,"name":"Shaded","section":"Shading Mode"},"sceneLighting":false,"audioPlay":false,"sceneViewState":{"m_AlwaysRefresh":false,"showFog":true,"showSkybox":false,"showFlares":true,"showImageEffects":true,"showParticleSystems":true,"showVisualEffectGraphs":true,"m_FxEnabled":true},"in2DMode":false,"pivot":{"x":-0.025626327842473985,"y":0.2210838794708252,"z":-0.7350467443466187},"rotation":{"x":0.19107462465763093,"y":0.023552941158413888,"z":-0.004582342691719532,"w":0.9812933206558228},"size":0.7299291491508484,"orthographic":false}