{"cameraMode":{"drawMode":0,"name":"Shaded","section":"Shading Mode"},"sceneLighting":true,"audioPlay":false,"sceneViewState":{"m_AlwaysRefresh":false,"showFog":true,"showSkybox":false,"showFlares":true,"showImageEffects":true,"showParticleSystems":true,"showVisualEffectGraphs":true,"m_FxEnabled":true},"in2DMode":false,"pivot":{"x":1.921801209449768,"y":2.3076908588409426,"z":1.1738436222076417},"rotation":{"x":0.3450210988521576,"y":0.43362802267074587,"z":-0.18430207669734956,"w":0.8117651343345642},"size":3.2609779834747316,"orthographic":false}